{"mrr": 207.91588830445323, "@hit1": 0.005482456140350877, "@hit3": 0.008265856950067476, "@hit10": 0.012314439946018893, "MRR": {"MRR@1": 0.00574, "MRR@3": 0.00713, "MRR@5": 0.00746, "MRR@10": 0.00781, "MRR@100": 0.00819}}