{"mrr": 0.45219063718929126, "@hit1": 0.4, "@hit3": 0.49333333333333335, "@hit10": 0.5433333333333333}